{"type": "block", "layer": 0, "block": 0, "features": [{"geom": {"pts": [[-273.26818085461855, -182.41622786596417, 0.0]], "rotateX": 0, "rotateY": 0, "rotateZ": 0, "scale": 0.055700000000000006}, "model": 0}], "featureCount": 1, "startIndex": 0}