{"type": "block", "layer": 1, "block": 3, "features": [{"geom": {"polygons": [[[[-315.8477123938501, -429.8289046511054], [-319.7215647101402, -445.9832608914003], [-331.6606092900038, -443.1046992074698], [-327.7868085168302, -426.93799275625497], [-315.8477123938501, -429.8289046511054]]], [[[-315.8477123938501, -429.8289046511054], [-315.8477123938501, -429.8289046511054], [-327.7868085168302, -426.93799275625497], [-327.7868085168302, -426.93799275625497], [-315.8477123938501, -429.8289046511054]]], [[[-327.7868085168302, -426.93799275625497], [-327.7868085168302, -426.93799275625497], [-331.6606092900038, -443.1046992074698], [-331.6606092900038, -443.1046992074698], [-327.7868085168302, -426.93799275625497]]], [[[-331.6606092900038, -443.1046992074698], [-331.6606092900038, -443.1046992074698], [-319.7215647101402, -445.9832608914003], [-319.7215647101402, -445.9832608914003], [-331.6606092900038, -443.1046992074698]]], [[[-319.7215647101402, -445.9832608914003], [-319.7215647101402, -445.9832608914003], [-315.8477123938501, -429.8289046511054], [-315.8477123938501, -429.8289046511054], [-319.7215647101402, -445.9832608914003]]], [[[-315.8477123938501, -429.8289046511054], [-319.7215647101402, -445.9832608914003], [-331.6606092900038, -443.1046992074698], [-327.7868085168302, -426.93799275625497], [-315.8477123938501, -429.8289046511054]]]], "centroids": [[-323.75481473095715, -436.46321974601597, 0.0], [-321.8172604534775, -428.3834487032145, 0.0], [-329.723708903417, -435.02134598232806, 0.0], [-325.691087000072, -444.5439800489694, 0.0], [-317.78463855199516, -437.9060827717185, 0.0], [-323.75481473095715, -436.46321974508464, 0.0]], "h": 5.57}, "mtl": {"face": 0}}, {"geom": {"polygons": [[[[-651.7342136334628, -94.21137272845954], [-654.2765250913799, -94.6383585948497], [-657.0145436599851, -78.21860528923571], [-654.4722285177559, -77.79161813575774], [-651.7342136334628, -94.21137272845954]]], [[[-651.7342136334628, -94.21137272845954], [-651.7342136334628, -94.21137272845954], [-654.4722285177559, -77.79161813575774], [-654.4722285177559, -77.79161813575774], [-651.7342136334628, -94.21137272845954]]], [[[-654.4722285177559, -77.79161813575774], [-654.4722285177559, -77.79161813575774], [-657.0145436599851, -78.21860528923571], [-657.0145436599851, -78.21860528923571], [-654.4722285177559, -77.79161813575774]]], [[[-657.0145436599851, -78.21860528923571], [-657.0145436599851, -78.21860528923571], [-654.2765250913799, -94.6383585948497], [-654.2765250913799, -94.6383585948497], [-657.0145436599851, -78.21860528923571]]], [[[-654.2765250913799, -94.6383585948497], [-654.2765250913799, -94.6383585948497], [-651.7342136334628, -94.21137272845954], [-651.7342136334628, -94.21137272845954], [-654.2765250913799, -94.6383585948497]]], [[[-651.7342136334628, -94.21137272845954], [-654.2765250913799, -94.6383585948497], [-657.0145436599851, -78.21860528923571], [-654.4722285177559, -77.79161813575774], [-651.7342136334628, -94.21137272845954]]]], "centroids": [[-654.3743780571967, -86.21498664375395, 0.0], [-653.1032210756093, -86.00149543210864, 0.0], [-655.7433860898018, -78.00511171296239, 0.0], [-655.6455343756825, -86.42848194204271, 0.0], [-653.0053693633527, -94.42486566118896, 0.0], [-654.3743780571967, -86.21498664468527, 0.0]], "h": 5.57}, "mtl": {"face": 0}}, {"geom": {"polygons": [[[[-524.9228164311498, -17.828951810486615], [-525.3923161141574, -25.54431603383273], [-529.4110948778689, -25.29669188056141], [-528.9415980037302, -17.581327326595783], [-524.9228164311498, -17.828951810486615]]], [[[-524.9228164311498, -17.828951810486615], [-524.9228164311498, -17.828951810486615], [-528.9415980037302, -17.581327326595783], [-528.9415980037302, -17.581327326595783], [-524.9228164311498, -17.828951810486615]]], [[[-528.9415980037302, -17.581327326595783], [-528.9415980037302, -17.581327326595783], [-529.4110948778689, -25.29669188056141], [-529.4110948778689, -25.29669188056141], [-528.9415980037302, -17.581327326595783]]], [[[-529.4110948778689, -25.29669188056141], [-529.4110948778689, -25.29669188056141], [-525.3923161141574, -25.54431603383273], [-525.3923161141574, -25.54431603383273], [-529.4110948778689, -25.29669188056141]]], [[[-525.3923161141574, -25.54431603383273], [-525.3923161141574, -25.54431603383273], [-524.9228164311498, -17.828951810486615], [-524.9228164311498, -17.828951810486615], [-525.3923161141574, -25.54431603383273]]], [[[-524.9228164311498, -17.828951810486615], [-525.3923161141574, -25.54431603383273], [-529.4110948778689, -25.29669188056141], [-528.9415980037302, -17.581327326595783], [-524.9228164311498, -17.828951810486615]]]], "centroids": [[-527.1669563371688, -21.562821311876178, 0.0], [-526.93220721744, -17.705139568075538, 0.0], [-529.1763464398682, -21.439009603112936, 0.0], [-527.4017054960132, -25.42050395719707, 0.0], [-525.1575662717223, -21.686633922159672, 0.0], [-527.1669563371688, -21.562821310944855, 0.0]], "h": 5.57}, "mtl": {"face": 0}}, {"geom": {"polygons": [[[[273.17329980805516, -485.7238812558353], [273.0161353982985, -491.0683666318655], [268.3957511484623, -490.92088078148663], [268.48605314828455, -488.0449640452862], [267.78562135994434, -488.0222449116409], [267.86476844735444, -485.55364167224616], [273.17329980805516, -485.7238812558353]]], [[[273.17329980805516, -485.7238812558353], [273.17329980805516, -485.7238812558353], [267.86476844735444, -485.55364167224616], [267.86476844735444, -485.55364167224616], [273.17329980805516, -485.7238812558353]]], [[[267.86476844735444, -485.55364167224616], [267.86476844735444, -485.55364167224616], [267.78562135994434, -488.0222449116409], [267.78562135994434, -488.0222449116409], [267.86476844735444, -485.55364167224616]]], [[[267.78562135994434, -488.0222449116409], [267.78562135994434, -488.0222449116409], [268.48605314828455, -488.0449640452862], [268.48605314828455, -488.0449640452862], [267.78562135994434, -488.0222449116409]]], [[[268.48605314828455, -488.0449640452862], [268.48605314828455, -488.0449640452862], [268.3957511484623, -490.92088078148663], [268.3957511484623, -490.92088078148663], [268.48605314828455, -488.0449640452862]]], [[[268.3957511484623, -490.92088078148663], [268.3957511484623, -490.92088078148663], [273.0161353982985, -491.0683666318655], [273.0161353982985, -491.0683666318655], [268.3957511484623, -490.92088078148663]]], [[[273.0161353982985, -491.0683666318655], [273.0161353982985, -491.0683666318655], [273.17329980805516, -485.7238812558353], [273.17329980805516, -485.7238812558353], [273.0161353982985, -491.0683666318655]]], [[[273.17329980805516, -485.7238812558353], [273.0161353982985, -491.0683666318655], [268.3957511484623, -490.92088078148663], [268.48605314828455, -488.0449640452862], [267.78562135994434, -488.0222449116409], [267.86476844735444, -485.55364167224616], [273.17329980805516, -485.7238812558353]]]], "centroids": [[270.6161623764783, -488.2236086279154, 0.0], [270.5190341267735, -485.6387614645064, 0.0], [267.82519490271807, -486.7879432924092, 0.0], [268.1358372550458, -488.03360447846353, 0.0], [268.4409021474421, -489.4829224133864, 0.0], [270.70594327524304, -490.99462370667607, 0.0], [273.09471760317683, -488.3961239438504, 0.0], [270.6161623764783, -488.2236086288467, 0.0]], "h": 5.57},